<?xml version="1.0" encoding="UTF-8"?>
<java version="1.8.0_25" class="java.beans.XMLDecoder">
 <object class="java.util.ArrayList">
  <void method="add">
   <object class="DVD">
    <void property="title">
     <string>The Hobbit(Director)</string>
    </void>
   </object>
  </void>
  <void method="add">
   <object class="DVD">
    <void property="title">
     <string>The Steve Jobs Film</string>
    </void>
   </object>
  </void>
  <void method="add">
   <object class="DVD">
    <void property="title">
     <string>Avatar: Directors Cu</string>
    </void>
   </object>
  </void>
  <void method="add">
   <object class="DVD"/>
  </void>
 </object>
</java>
