<object-stream>
  <list>
    <models.Butter>
      <productName>Avonmore</productName>
      <productCode>3433</productCode>
      <unitCost>2.55</unitCost>
      <inCurrentProductLine>true</inCurrentProductLine>
      <bestBeforeDate>2005-12-12 00:00:00.0 UTC</bestBeforeDate>
      <packetGrams>43</packetGrams>
      <isSalted>true</isSalted>
    </models.Butter>
    <models.Milk>
      <productName>milk </productName>
      <productCode>4333</productCode>
      <unitCost>32.33</unitCost>
      <inCurrentProductLine>true</inCurrentProductLine>
      <bestBeforeDate>2017-07-11 23:00:00.0 UTC</bestBeforeDate>
      <cartonSize>300</cartonSize>
      <fatContent></fatContent>
    </models.Milk>
  </list>
</object-stream>